scenario,claim,n_nodes,reached,exact,theory_obs,theory_model,cuts,pass,secs
c01_connection_chain,1B system-level Interface supplied by connection; Paper 2 one step per hop,4,4,True,ok,ok,-,True,2.5
c02_zone_isolation,negative control: absent Interface relation blocks reach,4,2,True,ok,ok,-,True,2.1
c03_no_interface,negative control: 1A Interface necessary,3,2,True,ok,ok,-,True,2.0
c04_no_execution_pathway,negative control: 1A Execution Pathway necessary,3,2,True,ok,ok,-,True,2.0
c05_no_authority,negative control: 1A Authority necessary,3,2,True,ok,ok,-,True,2.0
c06_channel_delivery,1B system-of-systems relation; channel bypasses node Interface,4,3,True,ok,ok,-,True,2.1
c07_channel_confers_x,1B conferral: a relation supplies a condition the node lacks,3,3,True,ok,ok,-,True,2.2
c08_control_plane_conferral,1B Authority conferred through control plane; plane membership is itself admission,5,5,True,ok,ok,-,True,2.7
c09_cp_timing,Paper 2 Time: one-step detection window at each stage,3,3,True,ok,ok,-,True,2.2
c10_dependency_cascade,1B dependency relation supplies X; failure propagates without admission,4,4,True,ok,ok,-,True,2.5
c11_dependency_cut,1B Cut on dependency: removing the sole X supplier makes r unreachable,3,3,True,ok,ok,-up:ok,True,6.8
c12_connection_cut,1B Cut on connection: sole admitting neighbour,3,3,True,ok,ok,-mid:ok,True,4.9
c13_cp_cut,1B Cut on control plane: removing the controller removes A,3,3,True,ok,ok,-ctl:ok,True,7.0
c14_channel_cut,1B Cut on channel: a healthy root supplies X standing; removing it makes m unreachable,2,2,True,ok,ok,-vendor:ok,True,5.2
c15_fanout,"1B Fan-out: one supplier, six receivers, single step",7,7,True,ok,ok,-,True,3.2
c16_boundary_not_crossed,negative control: system-of-systems relation runs vendor to estate only,4,2,True,ok,ok,-,True,2.0
c17_two_planes,conferral chains across planes with the detection window at each stage,5,5,True,ok,ok,-,True,3.4
c18_micro_01_mixed,all relation classes together,8,7,True,ok,ok,-db-1:ok -config-server:ok,True,14.9
c19_cycle,termination under cyclic structure,3,3,True,ok,ok,-,True,2.3
c20_static_x_supply,1B: a relation supplies a condition without the supplier being compromised; Cut still holds,3,2,True,ok,ok,-up:ok,True,5.2
